DATAFLOW,LAST UPDATE,freq,unit,citizen,sex,age,asyl_app,geo,TIME_PERIOD,OBS_VALUE,OBS_FLAG
ESTAT:TPS00189(1.0),29/06/23 23:00:00,M:Monthly,PER:Person,EXT_EU27_2020:Extra-EU27 (from 2020),T:Total,TOTAL:Total,NASY_APP:First time applicant,AT:Austria,2022-06,9540,
ESTAT:TPS00189(1.0),29/06/23 23:00:00,M:Monthly,PER:Person,EXT_EU27_2020:Extra-EU27 (from 2020),T:Total,TOTAL:Total,NASY_APP:First time applicant,AT:Austria,2022-07,11300,
ESTAT:TPS00189(1.0),29/06/23 23:00:00,M:Monthly,PER:Person,EXT_EU27_2020:Extra-EU27 (from 2020),T:Total,TOTAL:Total,NASY_APP:First time applicant,AT:Austria,2022-08,14495,
ESTAT:TPS00189(1.0),29/06/23 23:00:00,M:Monthly,PER:Person,EXT_EU27_2020:Extra-EU27 (from 2020),T:Total,TOTAL:Total,NASY_APP:First time applicant,AT:Austria,2022-09,15930,
ESTAT:TPS00189(1.0),29/06/23 23:00:00,M:Monthly,PER:Person,EXT_EU27_2020:Extra-EU27 (from 2020),T:Total,TOTAL:Total,NASY_APP:First time applicant,AT:Austria,2022-10,18210,
ESTAT:TPS00189(1.0),29/06/23 23:00:00,M:Monthly,PER:Person,EXT_EU27_2020:Extra-EU27 (from 2020),T:Total,TOTAL:Total,NASY_APP:First time applicant,AT:Austria,2022-11,11745,
ESTAT:TPS00189(1.0),29/06/23 23:00:00,M:Monthly,PER:Person,EXT_EU27_2020:Extra-EU27 (from 2020),T:Total,TOTAL:Total,NASY_APP:First time applicant,AT:Austria,2022-12,6875,
ESTAT:TPS00189(1.0),29/06/23 23:00:00,M:Monthly,PER:Person,EXT_EU27_2020:Extra-EU27 (from 2020),T:Total,TOTAL:Total,NASY_APP:First time applicant,AT:Austria,2023-01,4095,
ESTAT:TPS00189(1.0),29/06/23 23:00:00,M:Monthly,PER:Person,EXT_EU27_2020:Extra-EU27 (from 2020),T:Total,TOTAL:Total,NASY_APP:First time applicant,AT:Austria,2023-02,2460,
ESTAT:TPS00189(1.0),29/06/23 23:00:00,M:Monthly,PER:Person,EXT_EU27_2020:Extra-EU27 (from 2020),T:Total,TOTAL:Total,NASY_APP:First time applicant,AT:Austria,2023-03,3025,
ESTAT:TPS00189(1.0),29/06/23 23:00:00,M:Monthly,PER:Person,EXT_EU27_2020:Extra-EU27 (from 2020),T:Total,TOTAL:Total,NASY_APP:First time applicant,AT:Austria,2023-04,3290,
ESTAT:TPS00189(1.0),29/06/23 23:00:00,M:Monthly,PER:Person,EXT_EU27_2020:Extra-EU27 (from 2020),T:Total,TOTAL:Total,NASY_APP:First time applicant,BE:Belgium,2022-06,2515,
ESTAT:TPS00189(1.0),29/06/23 23:00:00,M:Monthly,PER:Person,EXT_EU27_2020:Extra-EU27 (from 2020),T:Total,TOTAL:Total,NASY_APP:First time applicant,BE:Belgium,2022-07,2655,
ESTAT:TPS00189(1.0),29/06/23 23:00:00,M:Monthly,PER:Person,EXT_EU27_2020:Extra-EU27 (from 2020),T:Total,TOTAL:Total,NASY_APP:First time applicant,BE:Belgium,2022-08,3200,
ESTAT:TPS00189(1.0),29/06/23 23:00:00,M:Monthly,PER:Person,EXT_EU27_2020:Extra-EU27 (from 2020),T:Total,TOTAL:Total,NASY_APP:First time applicant,BE:Belgium,2022-09,3620,
ESTAT:TPS00189(1.0),29/06/23 23:00:00,M:Monthly,PER:Person,EXT_EU27_2020:Extra-EU27 (from 2020),T:Total,TOTAL:Total,NASY_APP:First time applicant,BE:Belgium,2022-10,3760,
ESTAT:TPS00189(1.0),29/06/23 23:00:00,M:Monthly,PER:Person,EXT_EU27_2020:Extra-EU27 (from 2020),T:Total,TOTAL:Total,NASY_APP:First time applicant,BE:Belgium,2022-11,3000,
ESTAT:TPS00189(1.0),29/06/23 23:00:00,M:Monthly,PER:Person,EXT_EU27_2020:Extra-EU27 (from 2020),T:Total,TOTAL:Total,NASY_APP:First time applicant,BE:Belgium,2022-12,2220,
ESTAT:TPS00189(1.0),29/06/23 23:00:00,M:Monthly,PER:Person,EXT_EU27_2020:Extra-EU27 (from 2020),T:Total,TOTAL:Total,NASY_APP:First time applicant,BE:Belgium,2023-01,2285,
ESTAT:TPS00189(1.0),29/06/23 23:00:00,M:Monthly,PER:Person,EXT_EU27_2020:Extra-EU27 (from 2020),T:Total,TOTAL:Total,NASY_APP:First time applicant,BE:Belgium,2023-02,1935,
ESTAT:TPS00189(1.0),29/06/23 23:00:00,M:Monthly,PER:Person,EXT_EU27_2020:Extra-EU27 (from 2020),T:Total,TOTAL:Total,NASY_APP:First time applicant,BE:Belgium,2023-03,2030,
ESTAT:TPS00189(1.0),29/06/23 23:00:00,M:Monthly,PER:Person,EXT_EU27_2020:Extra-EU27 (from 2020),T:Total,TOTAL:Total,NASY_APP:First time applicant,BE:Belgium,2023-04,1625,
ESTAT:TPS00189(1.0),29/06/23 23:00:00,M:Monthly,PER:Person,EXT_EU27_2020:Extra-EU27 (from 2020),T:Total,TOTAL:Total,NASY_APP:First time applicant,BE:Belgium,2023-05,2235,
ESTAT:TPS00189(1.0),29/06/23 23:00:00,M:Monthly,PER:Person,EXT_EU27_2020:Extra-EU27 (from 2020),T:Total,TOTAL:Total,NASY_APP:First time applicant,BG:Bulgaria,2022-06,905,
ESTAT:TPS00189(1.0),29/06/23 23:00:00,M:Monthly,PER:Person,EXT_EU27_2020:Extra-EU27 (from 2020),T:Total,TOTAL:Total,NASY_APP:First time applicant,BG:Bulgaria,2022-07,1125,
ESTAT:TPS00189(1.0),29/06/23 23:00:00,M:Monthly,PER:Person,EXT_EU27_2020:Extra-EU27 (from 2020),T:Total,TOTAL:Total,NASY_APP:First time applicant,BG:Bulgaria,2022-08,1895,
ESTAT:TPS00189(1.0),29/06/23 23:00:00,M:Monthly,PER:Person,EXT_EU27_2020:Extra-EU27 (from 2020),T:Total,TOTAL:Total,NASY_APP:First time applicant,BG:Bulgaria,2022-09,2495,
ESTAT:TPS00189(1.0),29/06/23 23:00:00,M:Monthly,PER:Person,EXT_EU27_2020:Extra-EU27 (from 2020),T:Total,TOTAL:Total,NASY_APP:First time applicant,BG:Bulgaria,2022-10,2785,
ESTAT:TPS00189(1.0),29/06/23 23:00:00,M:Monthly,PER:Person,EXT_EU27_2020:Extra-EU27 (from 2020),T:Total,TOTAL:Total,NASY_APP:First time applicant,BG:Bulgaria,2022-11,2030,
ESTAT:TPS00189(1.0),29/06/23 23:00:00,M:Monthly,PER:Person,EXT_EU27_2020:Extra-EU27 (from 2020),T:Total,TOTAL:Total,NASY_APP:First time applicant,BG:Bulgaria,2022-12,1180,
ESTAT:TPS00189(1.0),29/06/23 23:00:00,M:Monthly,PER:Person,EXT_EU27_2020:Extra-EU27 (from 2020),T:Total,TOTAL:Total,NASY_APP:First time applicant,BG:Bulgaria,2023-01,1280,
ESTAT:TPS00189(1.0),29/06/23 23:00:00,M:Monthly,PER:Person,EXT_EU27_2020:Extra-EU27 (from 2020),T:Total,TOTAL:Total,NASY_APP:First time applicant,BG:Bulgaria,2023-02,730,
ESTAT:TPS00189(1.0),29/06/23 23:00:00,M:Monthly,PER:Person,EXT_EU27_2020:Extra-EU27 (from 2020),T:Total,TOTAL:Total,NASY_APP:First time applicant,BG:Bulgaria,2023-03,1305,
ESTAT:TPS00189(1.0),29/06/23 23:00:00,M:Monthly,PER:Person,EXT_EU27_2020:Extra-EU27 (from 2020),T:Total,TOTAL:Total,NASY_APP:First time applicant,BG:Bulgaria,2023-04,1010,
ESTAT:TPS00189(1.0),29/06/23 23:00:00,M:Monthly,PER:Person,EXT_EU27_2020:Extra-EU27 (from 2020),T:Total,TOTAL:Total,NASY_APP:First time applicant,CH:Switzerland,2022-06,1610,
ESTAT:TPS00189(1.0),29/06/23 23:00:00,M:Monthly,PER:Person,EXT_EU27_2020:Extra-EU27 (from 2020),T:Total,TOTAL:Total,NASY_APP:First time applicant,CH:Switzerland,2022-07,1670,
ESTAT:TPS00189(1.0),29/06/23 23:00:00,M:Monthly,PER:Person,EXT_EU27_2020:Extra-EU27 (from 2020),T:Total,TOTAL:Total,NASY_APP:First time applicant,CH:Switzerland,2022-08,1930,
ESTAT:TPS00189(1.0),29/06/23 23:00:00,M:Monthly,PER:Person,EXT_EU27_2020:Extra-EU27 (from 2020),T:Total,TOTAL:Total,NASY_APP:First time applicant,CH:Switzerland,2022-09,2535,
ESTAT:TPS00189(1.0),29/06/23 23:00:00,M:Monthly,PER:Person,EXT_EU27_2020:Extra-EU27 (from 2020),T:Total,TOTAL:Total,NASY_APP:First time applicant,CH:Switzerland,2022-10,3080,
ESTAT:TPS00189(1.0),29/06/23 23:00:00,M:Monthly,PER:Person,EXT_EU27_2020:Extra-EU27 (from 2020),T:Total,TOTAL:Total,NASY_APP:First time applicant,CH:Switzerland,2022-11,3430,
ESTAT:TPS00189(1.0),29/06/23 23:00:00,M:Monthly,PER:Person,EXT_EU27_2020:Extra-EU27 (from 2020),T:Total,TOTAL:Total,NASY_APP:First time applicant,CH:Switzerland,2022-12,2580,
ESTAT:TPS00189(1.0),29/06/23 23:00:00,M:Monthly,PER:Person,EXT_EU27_2020:Extra-EU27 (from 2020),T:Total,TOTAL:Total,NASY_APP:First time applicant,CH:Switzerland,2023-01,2400,
ESTAT:TPS00189(1.0),29/06/23 23:00:00,M:Monthly,PER:Person,EXT_EU27_2020:Extra-EU27 (from 2020),T:Total,TOTAL:Total,NASY_APP:First time applicant,CH:Switzerland,2023-02,1580,
ESTAT:TPS00189(1.0),29/06/23 23:00:00,M:Monthly,PER:Person,EXT_EU27_2020:Extra-EU27 (from 2020),T:Total,TOTAL:Total,NASY_APP:First time applicant,CH:Switzerland,2023-03,1755,
ESTAT:TPS00189(1.0),29/06/23 23:00:00,M:Monthly,PER:Person,EXT_EU27_2020:Extra-EU27 (from 2020),T:Total,TOTAL:Total,NASY_APP:First time applicant,CH:Switzerland,2023-04,1520,
ESTAT:TPS00189(1.0),29/06/23 23:00:00,M:Monthly,PER:Person,EXT_EU27_2020:Extra-EU27 (from 2020),T:Total,TOTAL:Total,NASY_APP:First time applicant,CH:Switzerland,2023-05,1920,
ESTAT:TPS00189(1.0),29/06/23 23:00:00,M:Monthly,PER:Person,EXT_EU27_2020:Extra-EU27 (from 2020),T:Total,TOTAL:Total,NASY_APP:First time applicant,CY:Cyprus,2022-06,2405,
ESTAT:TPS00189(1.0),29/06/23 23:00:00,M:Monthly,PER:Person,EXT_EU27_2020:Extra-EU27 (from 2020),T:Total,TOTAL:Total,NASY_APP:First time applicant,CY:Cyprus,2022-07,1770,
ESTAT:TPS00189(1.0),29/06/23 23:00:00,M:Monthly,PER:Person,EXT_EU27_2020:Extra-EU27 (from 2020),T:Total,TOTAL:Total,NASY_APP:First time applicant,CY:Cyprus,2022-08,1340,
ESTAT:TPS00189(1.0),29/06/23 23:00:00,M:Monthly,PER:Person,EXT_EU27_2020:Extra-EU27 (from 2020),T:Total,TOTAL:Total,NASY_APP:First time applicant,CY:Cyprus,2022-09,1550,
ESTAT:TPS00189(1.0),29/06/23 23:00:00,M:Monthly,PER:Person,EXT_EU27_2020:Extra-EU27 (from 2020),T:Total,TOTAL:Total,NASY_APP:First time applicant,CY:Cyprus,2022-10,1645,
ESTAT:TPS00189(1.0),29/06/23 23:00:00,M:Monthly,PER:Person,EXT_EU27_2020:Extra-EU27 (from 2020),T:Total,TOTAL:Total,NASY_APP:First time applicant,CY:Cyprus,2022-11,1910,
ESTAT:TPS00189(1.0),29/06/23 23:00:00,M:Monthly,PER:Person,EXT_EU27_2020:Extra-EU27 (from 2020),T:Total,TOTAL:Total,NASY_APP:First time applicant,CY:Cyprus,2022-12,1310,
ESTAT:TPS00189(1.0),29/06/23 23:00:00,M:Monthly,PER:Person,EXT_EU27_2020:Extra-EU27 (from 2020),T:Total,TOTAL:Total,NASY_APP:First time applicant,CY:Cyprus,2023-01,705,
ESTAT:TPS00189(1.0),29/06/23 23:00:00,M:Monthly,PER:Person,EXT_EU27_2020:Extra-EU27 (from 2020),T:Total,TOTAL:Total,NASY_APP:First time applicant,CY:Cyprus,2023-02,800,
ESTAT:TPS00189(1.0),29/06/23 23:00:00,M:Monthly,PER:Person,EXT_EU27_2020:Extra-EU27 (from 2020),T:Total,TOTAL:Total,NASY_APP:First time applicant,CY:Cyprus,2023-03,1680,
ESTAT:TPS00189(1.0),29/06/23 23:00:00,M:Monthly,PER:Person,EXT_EU27_2020:Extra-EU27 (from 2020),T:Total,TOTAL:Total,NASY_APP:First time applicant,CZ:Czechia,2022-06,100,
ESTAT:TPS00189(1.0),29/06/23 23:00:00,M:Monthly,PER:Person,EXT_EU27_2020:Extra-EU27 (from 2020),T:Total,TOTAL:Total,NASY_APP:First time applicant,CZ:Czechia,2022-07,110,
ESTAT:TPS00189(1.0),29/06/23 23:00:00,M:Monthly,PER:Person,EXT_EU27_2020:Extra-EU27 (from 2020),T:Total,TOTAL:Total,NASY_APP:First time applicant,CZ:Czechia,2022-08,115,
ESTAT:TPS00189(1.0),29/06/23 23:00:00,M:Monthly,PER:Person,EXT_EU27_2020:Extra-EU27 (from 2020),T:Total,TOTAL:Total,NASY_APP:First time applicant,CZ:Czechia,2022-09,175,
ESTAT:TPS00189(1.0),29/06/23 23:00:00,M:Monthly,PER:Person,EXT_EU27_2020:Extra-EU27 (from 2020),T:Total,TOTAL:Total,NASY_APP:First time applicant,CZ:Czechia,2022-10,130,
ESTAT:TPS00189(1.0),29/06/23 23:00:00,M:Monthly,PER:Person,EXT_EU27_2020:Extra-EU27 (from 2020),T:Total,TOTAL:Total,NASY_APP:First time applicant,CZ:Czechia,2022-11,80,
ESTAT:TPS00189(1.0),29/06/23 23:00:00,M:Monthly,PER:Person,EXT_EU27_2020:Extra-EU27 (from 2020),T:Total,TOTAL:Total,NASY_APP:First time applicant,CZ:Czechia,2022-12,70,
ESTAT:TPS00189(1.0),29/06/23 23:00:00,M:Monthly,PER:Person,EXT_EU27_2020:Extra-EU27 (from 2020),T:Total,TOTAL:Total,NASY_APP:First time applicant,CZ:Czechia,2023-01,110,
ESTAT:TPS00189(1.0),29/06/23 23:00:00,M:Monthly,PER:Person,EXT_EU27_2020:Extra-EU27 (from 2020),T:Total,TOTAL:Total,NASY_APP:First time applicant,CZ:Czechia,2023-02,70,
ESTAT:TPS00189(1.0),29/06/23 23:00:00,M:Monthly,PER:Person,EXT_EU27_2020:Extra-EU27 (from 2020),T:Total,TOTAL:Total,NASY_APP:First time applicant,DE:Germany (until 1990 former territory of the FRG),2022-06,12945,
ESTAT:TPS00189(1.0),29/06/23 23:00:00,M:Monthly,PER:Person,EXT_EU27_2020:Extra-EU27 (from 2020),T:Total,TOTAL:Total,NASY_APP:First time applicant,DE:Germany (until 1990 former territory of the FRG),2022-07,14085,
ESTAT:TPS00189(1.0),29/06/23 23:00:00,M:Monthly,PER:Person,EXT_EU27_2020:Extra-EU27 (from 2020),T:Total,TOTAL:Total,NASY_APP:First time applicant,DE:Germany (until 1990 former territory of the FRG),2022-08,17025,
ESTAT:TPS00189(1.0),29/06/23 23:00:00,M:Monthly,PER:Person,EXT_EU27_2020:Extra-EU27 (from 2020),T:Total,TOTAL:Total,NASY_APP:First time applicant,DE:Germany (until 1990 former territory of the FRG),2022-09,19670,
ESTAT:TPS00189(1.0),29/06/23 23:00:00,M:Monthly,PER:Person,EXT_EU27_2020:Extra-EU27 (from 2020),T:Total,TOTAL:Total,NASY_APP:First time applicant,DE:Germany (until 1990 former territory of the FRG),2022-10,24910,
ESTAT:TPS00189(1.0),29/06/23 23:00:00,M:Monthly,PER:Person,EXT_EU27_2020:Extra-EU27 (from 2020),T:Total,TOTAL:Total,NASY_APP:First time applicant,DE:Germany (until 1990 former territory of the FRG),2022-11,30390,
ESTAT:TPS00189(1.0),29/06/23 23:00:00,M:Monthly,PER:Person,EXT_EU27_2020:Extra-EU27 (from 2020),T:Total,TOTAL:Total,NASY_APP:First time applicant,DE:Germany (until 1990 former territory of the FRG),2022-12,26670,
ESTAT:TPS00189(1.0),29/06/23 23:00:00,M:Monthly,PER:Person,EXT_EU27_2020:Extra-EU27 (from 2020),T:Total,TOTAL:Total,NASY_APP:First time applicant,DE:Germany (until 1990 former territory of the FRG),2023-01,30450,
ESTAT:TPS00189(1.0),29/06/23 23:00:00,M:Monthly,PER:Person,EXT_EU27_2020:Extra-EU27 (from 2020),T:Total,TOTAL:Total,NASY_APP:First time applicant,DE:Germany (until 1990 former territory of the FRG),2023-02,25335,
ESTAT:TPS00189(1.0),29/06/23 23:00:00,M:Monthly,PER:Person,EXT_EU27_2020:Extra-EU27 (from 2020),T:Total,TOTAL:Total,NASY_APP:First time applicant,DE:Germany (until 1990 former territory of the FRG),2023-03,25170,
ESTAT:TPS00189(1.0),29/06/23 23:00:00,M:Monthly,PER:Person,EXT_EU27_2020:Extra-EU27 (from 2020),T:Total,TOTAL:Total,NASY_APP:First time applicant,DE:Germany (until 1990 former territory of the FRG),2023-04,19630,
ESTAT:TPS00189(1.0),29/06/23 23:00:00,M:Monthly,PER:Person,EXT_EU27_2020:Extra-EU27 (from 2020),T:Total,TOTAL:Total,NASY_APP:First time applicant,DE:Germany (until 1990 former territory of the FRG),2023-05,21945,
ESTAT:TPS00189(1.0),29/06/23 23:00:00,M:Monthly,PER:Person,EXT_EU27_2020:Extra-EU27 (from 2020),T:Total,TOTAL:Total,NASY_APP:First time applicant,DK:Denmark,2022-06,165,
ESTAT:TPS00189(1.0),29/06/23 23:00:00,M:Monthly,PER:Person,EXT_EU27_2020:Extra-EU27 (from 2020),T:Total,TOTAL:Total,NASY_APP:First time applicant,DK:Denmark,2022-07,170,
ESTAT:TPS00189(1.0),29/06/23 23:00:00,M:Monthly,PER:Person,EXT_EU27_2020:Extra-EU27 (from 2020),T:Total,TOTAL:Total,NASY_APP:First time applicant,DK:Denmark,2022-08,205,
ESTAT:TPS00189(1.0),29/06/23 23:00:00,M:Monthly,PER:Person,EXT_EU27_2020:Extra-EU27 (from 2020),T:Total,TOTAL:Total,NASY_APP:First time applicant,DK:Denmark,2022-09,210,
ESTAT:TPS00189(1.0),29/06/23 23:00:00,M:Monthly,PER:Person,EXT_EU27_2020:Extra-EU27 (from 2020),T:Total,TOTAL:Total,NASY_APP:First time applicant,DK:Denmark,2022-10,260,
ESTAT:TPS00189(1.0),29/06/23 23:00:00,M:Monthly,PER:Person,EXT_EU27_2020:Extra-EU27 (from 2020),T:Total,TOTAL:Total,NASY_APP:First time applicant,DK:Denmark,2022-11,245,
ESTAT:TPS00189(1.0),29/06/23 23:00:00,M:Monthly,PER:Person,EXT_EU27_2020:Extra-EU27 (from 2020),T:Total,TOTAL:Total,NASY_APP:First time applicant,DK:Denmark,2022-12,205,
ESTAT:TPS00189(1.0),29/06/23 23:00:00,M:Monthly,PER:Person,EXT_EU27_2020:Extra-EU27 (from 2020),T:Total,TOTAL:Total,NASY_APP:First time applicant,DK:Denmark,2023-01,210,
ESTAT:TPS00189(1.0),29/06/23 23:00:00,M:Monthly,PER:Person,EXT_EU27_2020:Extra-EU27 (from 2020),T:Total,TOTAL:Total,NASY_APP:First time applicant,DK:Denmark,2023-02,240,
ESTAT:TPS00189(1.0),29/06/23 23:00:00,M:Monthly,PER:Person,EXT_EU27_2020:Extra-EU27 (from 2020),T:Total,TOTAL:Total,NASY_APP:First time applicant,DK:Denmark,2023-03,175,
ESTAT:TPS00189(1.0),29/06/23 23:00:00,M:Monthly,PER:Person,EXT_EU27_2020:Extra-EU27 (from 2020),T:Total,TOTAL:Total,NASY_APP:First time applicant,DK:Denmark,2023-04,180,
ESTAT:TPS00189(1.0),29/06/23 23:00:00,M:Monthly,PER:Person,EXT_EU27_2020:Extra-EU27 (from 2020),T:Total,TOTAL:Total,NASY_APP:First time applicant,DK:Denmark,2023-05,170,
ESTAT:TPS00189(1.0),29/06/23 23:00:00,M:Monthly,PER:Person,EXT_EU27_2020:Extra-EU27 (from 2020),T:Total,TOTAL:Total,NASY_APP:First time applicant,EE:Estonia,2022-06,155,
ESTAT:TPS00189(1.0),29/06/23 23:00:00,M:Monthly,PER:Person,EXT_EU27_2020:Extra-EU27 (from 2020),T:Total,TOTAL:Total,NASY_APP:First time applicant,EE:Estonia,2022-07,270,
ESTAT:TPS00189(1.0),29/06/23 23:00:00,M:Monthly,PER:Person,EXT_EU27_2020:Extra-EU27 (from 2020),T:Total,TOTAL:Total,NASY_APP:First time applicant,EE:Estonia,2022-08,375,
ESTAT:TPS00189(1.0),29/06/23 23:00:00,M:Monthly,PER:Person,EXT_EU27_2020:Extra-EU27 (from 2020),T:Total,TOTAL:Total,NASY_APP:First time applicant,EE:Estonia,2022-09,370,
ESTAT:TPS00189(1.0),29/06/23 23:00:00,M:Monthly,PER:Person,EXT_EU27_2020:Extra-EU27 (from 2020),T:Total,TOTAL:Total,NASY_APP:First time applicant,EE:Estonia,2022-10,515,
ESTAT:TPS00189(1.0),29/06/23 23:00:00,M:Monthly,PER:Person,EXT_EU27_2020:Extra-EU27 (from 2020),T:Total,TOTAL:Total,NASY_APP:First time applicant,EE:Estonia,2022-11,475,
ESTAT:TPS00189(1.0),29/06/23 23:00:00,M:Monthly,PER:Person,EXT_EU27_2020:Extra-EU27 (from 2020),T:Total,TOTAL:Total,NASY_APP:First time applicant,EE:Estonia,2022-12,395,
ESTAT:TPS00189(1.0),29/06/23 23:00:00,M:Monthly,PER:Person,EXT_EU27_2020:Extra-EU27 (from 2020),T:Total,TOTAL:Total,NASY_APP:First time applicant,EE:Estonia,2023-01,560,
ESTAT:TPS00189(1.0),29/06/23 23:00:00,M:Monthly,PER:Person,EXT_EU27_2020:Extra-EU27 (from 2020),T:Total,TOTAL:Total,NASY_APP:First time applicant,EE:Estonia,2023-02,515,
ESTAT:TPS00189(1.0),29/06/23 23:00:00,M:Monthly,PER:Person,EXT_EU27_2020:Extra-EU27 (from 2020),T:Total,TOTAL:Total,NASY_APP:First time applicant,EE:Estonia,2023-03,525,
ESTAT:TPS00189(1.0),29/06/23 23:00:00,M:Monthly,PER:Person,EXT_EU27_2020:Extra-EU27 (from 2020),T:Total,TOTAL:Total,NASY_APP:First time applicant,EE:Estonia,2023-04,390,
ESTAT:TPS00189(1.0),29/06/23 23:00:00,M:Monthly,PER:Person,EXT_EU27_2020:Extra-EU27 (from 2020),T:Total,TOTAL:Total,NASY_APP:First time applicant,EE:Estonia,2023-05,390,
ESTAT:TPS00189(1.0),29/06/23 23:00:00,M:Monthly,PER:Person,EXT_EU27_2020:Extra-EU27 (from 2020),T:Total,TOTAL:Total,NASY_APP:First time applicant,EL:Greece,2022-06,2220,
ESTAT:TPS00189(1.0),29/06/23 23:00:00,M:Monthly,PER:Person,EXT_EU27_2020:Extra-EU27 (from 2020),T:Total,TOTAL:Total,NASY_APP:First time applicant,EL:Greece,2022-07,2185,
ESTAT:TPS00189(1.0),29/06/23 23:00:00,M:Monthly,PER:Person,EXT_EU27_2020:Extra-EU27 (from 2020),T:Total,TOTAL:Total,NASY_APP:First time applicant,EL:Greece,2022-08,2385,
ESTAT:TPS00189(1.0),29/06/23 23:00:00,M:Monthly,PER:Person,EXT_EU27_2020:Extra-EU27 (from 2020),T:Total,TOTAL:Total,NASY_APP:First time applicant,EL:Greece,2022-09,2965,
ESTAT:TPS00189(1.0),29/06/23 23:00:00,M:Monthly,PER:Person,EXT_EU27_2020:Extra-EU27 (from 2020),T:Total,TOTAL:Total,NASY_APP:First time applicant,EL:Greece,2022-10,3260,
ESTAT:TPS00189(1.0),29/06/23 23:00:00,M:Monthly,PER:Person,EXT_EU27_2020:Extra-EU27 (from 2020),T:Total,TOTAL:Total,NASY_APP:First time applicant,EL:Greece,2022-11,3760,
ESTAT:TPS00189(1.0),29/06/23 23:00:00,M:Monthly,PER:Person,EXT_EU27_2020:Extra-EU27 (from 2020),T:Total,TOTAL:Total,NASY_APP:First time applicant,EL:Greece,2022-12,4145,
ESTAT:TPS00189(1.0),29/06/23 23:00:00,M:Monthly,PER:Person,EXT_EU27_2020:Extra-EU27 (from 2020),T:Total,TOTAL:Total,NASY_APP:First time applicant,EL:Greece,2023-01,3435,
ESTAT:TPS00189(1.0),29/06/23 23:00:00,M:Monthly,PER:Person,EXT_EU27_2020:Extra-EU27 (from 2020),T:Total,TOTAL:Total,NASY_APP:First time applicant,EL:Greece,2023-02,2380,
ESTAT:TPS00189(1.0),29/06/23 23:00:00,M:Monthly,PER:Person,EXT_EU27_2020:Extra-EU27 (from 2020),T:Total,TOTAL:Total,NASY_APP:First time applicant,EL:Greece,2023-03,2550,
ESTAT:TPS00189(1.0),29/06/23 23:00:00,M:Monthly,PER:Person,EXT_EU27_2020:Extra-EU27 (from 2020),T:Total,TOTAL:Total,NASY_APP:First time applicant,EL:Greece,2023-04,2315,
ESTAT:TPS00189(1.0),29/06/23 23:00:00,M:Monthly,PER:Person,EXT_EU27_2020:Extra-EU27 (from 2020),T:Total,TOTAL:Total,NASY_APP:First time applicant,ES:Spain,2022-06,10595,
ESTAT:TPS00189(1.0),29/06/23 23:00:00,M:Monthly,PER:Person,EXT_EU27_2020:Extra-EU27 (from 2020),T:Total,TOTAL:Total,NASY_APP:First time applicant,ES:Spain,2022-07,8745,
ESTAT:TPS00189(1.0),29/06/23 23:00:00,M:Monthly,PER:Person,EXT_EU27_2020:Extra-EU27 (from 2020),T:Total,TOTAL:Total,NASY_APP:First time applicant,ES:Spain,2022-08,8650,
ESTAT:TPS00189(1.0),29/06/23 23:00:00,M:Monthly,PER:Person,EXT_EU27_2020:Extra-EU27 (from 2020),T:Total,TOTAL:Total,NASY_APP:First time applicant,ES:Spain,2022-09,11000,
ESTAT:TPS00189(1.0),29/06/23 23:00:00,M:Monthly,PER:Person,EXT_EU27_2020:Extra-EU27 (from 2020),T:Total,TOTAL:Total,NASY_APP:First time applicant,ES:Spain,2022-10,10905,
ESTAT:TPS00189(1.0),29/06/23 23:00:00,M:Monthly,PER:Person,EXT_EU27_2020:Extra-EU27 (from 2020),T:Total,TOTAL:Total,NASY_APP:First time applicant,ES:Spain,2022-11,11710,
ESTAT:TPS00189(1.0),29/06/23 23:00:00,M:Monthly,PER:Person,EXT_EU27_2020:Extra-EU27 (from 2020),T:Total,TOTAL:Total,NASY_APP:First time applicant,ES:Spain,2022-12,8540,
ESTAT:TPS00189(1.0),29/06/23 23:00:00,M:Monthly,PER:Person,EXT_EU27_2020:Extra-EU27 (from 2020),T:Total,TOTAL:Total,NASY_APP:First time applicant,ES:Spain,2023-01,10885,
ESTAT:TPS00189(1.0),29/06/23 23:00:00,M:Monthly,PER:Person,EXT_EU27_2020:Extra-EU27 (from 2020),T:Total,TOTAL:Total,NASY_APP:First time applicant,ES:Spain,2023-02,12840,
ESTAT:TPS00189(1.0),29/06/23 23:00:00,M:Monthly,PER:Person,EXT_EU27_2020:Extra-EU27 (from 2020),T:Total,TOTAL:Total,NASY_APP:First time applicant,ES:Spain,2023-03,15570,
ESTAT:TPS00189(1.0),29/06/23 23:00:00,M:Monthly,PER:Person,EXT_EU27_2020:Extra-EU27 (from 2020),T:Total,TOTAL:Total,NASY_APP:First time applicant,ES:Spain,2023-04,12910,
ESTAT:TPS00189(1.0),29/06/23 23:00:00,M:Monthly,PER:Person,EXT_EU27_2020:Extra-EU27 (from 2020),T:Total,TOTAL:Total,NASY_APP:First time applicant,ES:Spain,2023-05,17405,
ESTAT:TPS00189(1.0),29/06/23 23:00:00,M:Monthly,PER:Person,EXT_EU27_2020:Extra-EU27 (from 2020),T:Total,TOTAL:Total,NASY_APP:First time applicant,EU27_2020:European Union - 27 countries (from 2020),2022-06,66845,
ESTAT:TPS00189(1.0),29/06/23 23:00:00,M:Monthly,PER:Person,EXT_EU27_2020:Extra-EU27 (from 2020),T:Total,TOTAL:Total,NASY_APP:First time applicant,EU27_2020:European Union - 27 countries (from 2020),2022-07,67315,
ESTAT:TPS00189(1.0),29/06/23 23:00:00,M:Monthly,PER:Person,EXT_EU27_2020:Extra-EU27 (from 2020),T:Total,TOTAL:Total,NASY_APP:First time applicant,EU27_2020:European Union - 27 countries (from 2020),2022-08,78360,
ESTAT:TPS00189(1.0),29/06/23 23:00:00,M:Monthly,PER:Person,EXT_EU27_2020:Extra-EU27 (from 2020),T:Total,TOTAL:Total,NASY_APP:First time applicant,EU27_2020:European Union - 27 countries (from 2020),2022-09,91115,
ESTAT:TPS00189(1.0),29/06/23 23:00:00,M:Monthly,PER:Person,EXT_EU27_2020:Extra-EU27 (from 2020),T:Total,TOTAL:Total,NASY_APP:First time applicant,EU27_2020:European Union - 27 countries (from 2020),2022-10,99805,
ESTAT:TPS00189(1.0),29/06/23 23:00:00,M:Monthly,PER:Person,EXT_EU27_2020:Extra-EU27 (from 2020),T:Total,TOTAL:Total,NASY_APP:First time applicant,EU27_2020:European Union - 27 countries (from 2020),2022-11,99285,
ESTAT:TPS00189(1.0),29/06/23 23:00:00,M:Monthly,PER:Person,EXT_EU27_2020:Extra-EU27 (from 2020),T:Total,TOTAL:Total,NASY_APP:First time applicant,EU27_2020:European Union - 27 countries (from 2020),2022-12,82330,
ESTAT:TPS00189(1.0),29/06/23 23:00:00,M:Monthly,PER:Person,EXT_EU27_2020:Extra-EU27 (from 2020),T:Total,TOTAL:Total,NASY_APP:First time applicant,EU27_2020:European Union - 27 countries (from 2020),2023-01,84740,
ESTAT:TPS00189(1.0),29/06/23 23:00:00,M:Monthly,PER:Person,EXT_EU27_2020:Extra-EU27 (from 2020),T:Total,TOTAL:Total,NASY_APP:First time applicant,EU27_2020:European Union - 27 countries (from 2020),2023-02,76505,
ESTAT:TPS00189(1.0),29/06/23 23:00:00,M:Monthly,PER:Person,EXT_EU27_2020:Extra-EU27 (from 2020),T:Total,TOTAL:Total,NASY_APP:First time applicant,FI:Finland,2022-06,195,
ESTAT:TPS00189(1.0),29/06/23 23:00:00,M:Monthly,PER:Person,EXT_EU27_2020:Extra-EU27 (from 2020),T:Total,TOTAL:Total,NASY_APP:First time applicant,FI:Finland,2022-07,190,
ESTAT:TPS00189(1.0),29/06/23 23:00:00,M:Monthly,PER:Person,EXT_EU27_2020:Extra-EU27 (from 2020),T:Total,TOTAL:Total,NASY_APP:First time applicant,FI:Finland,2022-08,225,
ESTAT:TPS00189(1.0),29/06/23 23:00:00,M:Monthly,PER:Person,EXT_EU27_2020:Extra-EU27 (from 2020),T:Total,TOTAL:Total,NASY_APP:First time applicant,FI:Finland,2022-09,490,
ESTAT:TPS00189(1.0),29/06/23 23:00:00,M:Monthly,PER:Person,EXT_EU27_2020:Extra-EU27 (from 2020),T:Total,TOTAL:Total,NASY_APP:First time applicant,FI:Finland,2022-10,600,
ESTAT:TPS00189(1.0),29/06/23 23:00:00,M:Monthly,PER:Person,EXT_EU27_2020:Extra-EU27 (from 2020),T:Total,TOTAL:Total,NASY_APP:First time applicant,FI:Finland,2022-11,300,
ESTAT:TPS00189(1.0),29/06/23 23:00:00,M:Monthly,PER:Person,EXT_EU27_2020:Extra-EU27 (from 2020),T:Total,TOTAL:Total,NASY_APP:First time applicant,FI:Finland,2022-12,220,
ESTAT:TPS00189(1.0),29/06/23 23:00:00,M:Monthly,PER:Person,EXT_EU27_2020:Extra-EU27 (from 2020),T:Total,TOTAL:Total,NASY_APP:First time applicant,FI:Finland,2023-01,295,
ESTAT:TPS00189(1.0),29/06/23 23:00:00,M:Monthly,PER:Person,EXT_EU27_2020:Extra-EU27 (from 2020),T:Total,TOTAL:Total,NASY_APP:First time applicant,FI:Finland,2023-02,235,
ESTAT:TPS00189(1.0),29/06/23 23:00:00,M:Monthly,PER:Person,EXT_EU27_2020:Extra-EU27 (from 2020),T:Total,TOTAL:Total,NASY_APP:First time applicant,FI:Finland,2023-03,240,
ESTAT:TPS00189(1.0),29/06/23 23:00:00,M:Monthly,PER:Person,EXT_EU27_2020:Extra-EU27 (from 2020),T:Total,TOTAL:Total,NASY_APP:First time applicant,FI:Finland,2023-04,230,
ESTAT:TPS00189(1.0),29/06/23 23:00:00,M:Monthly,PER:Person,EXT_EU27_2020:Extra-EU27 (from 2020),T:Total,TOTAL:Total,NASY_APP:First time applicant,FI:Finland,2023-05,295,
ESTAT:TPS00189(1.0),29/06/23 23:00:00,M:Monthly,PER:Person,EXT_EU27_2020:Extra-EU27 (from 2020),T:Total,TOTAL:Total,NASY_APP:First time applicant,FR:France,2022-06,11095,
ESTAT:TPS00189(1.0),29/06/23 23:00:00,M:Monthly,PER:Person,EXT_EU27_2020:Extra-EU27 (from 2020),T:Total,TOTAL:Total,NASY_APP:First time applicant,FR:France,2022-07,10890,
ESTAT:TPS00189(1.0),29/06/23 23:00:00,M:Monthly,PER:Person,EXT_EU27_2020:Extra-EU27 (from 2020),T:Total,TOTAL:Total,NASY_APP:First time applicant,FR:France,2022-08,11900,
ESTAT:TPS00189(1.0),29/06/23 23:00:00,M:Monthly,PER:Person,EXT_EU27_2020:Extra-EU27 (from 2020),T:Total,TOTAL:Total,NASY_APP:First time applicant,FR:France,2022-09,13500,
ESTAT:TPS00189(1.0),29/06/23 23:00:00,M:Monthly,PER:Person,EXT_EU27_2020:Extra-EU27 (from 2020),T:Total,TOTAL:Total,NASY_APP:First time applicant,FR:France,2022-10,13680,
ESTAT:TPS00189(1.0),29/06/23 23:00:00,M:Monthly,PER:Person,EXT_EU27_2020:Extra-EU27 (from 2020),T:Total,TOTAL:Total,NASY_APP:First time applicant,FR:France,2022-11,14060,
ESTAT:TPS00189(1.0),29/06/23 23:00:00,M:Monthly,PER:Person,EXT_EU27_2020:Extra-EU27 (from 2020),T:Total,TOTAL:Total,NASY_APP:First time applicant,FR:France,2022-12,13730,
ESTAT:TPS00189(1.0),29/06/23 23:00:00,M:Monthly,PER:Person,EXT_EU27_2020:Extra-EU27 (from 2020),T:Total,TOTAL:Total,NASY_APP:First time applicant,FR:France,2023-01,13520,
ESTAT:TPS00189(1.0),29/06/23 23:00:00,M:Monthly,PER:Person,EXT_EU27_2020:Extra-EU27 (from 2020),T:Total,TOTAL:Total,NASY_APP:First time applicant,FR:France,2023-02,10520,
ESTAT:TPS00189(1.0),29/06/23 23:00:00,M:Monthly,PER:Person,EXT_EU27_2020:Extra-EU27 (from 2020),T:Total,TOTAL:Total,NASY_APP:First time applicant,FR:France,2023-03,11870,
ESTAT:TPS00189(1.0),29/06/23 23:00:00,M:Monthly,PER:Person,EXT_EU27_2020:Extra-EU27 (from 2020),T:Total,TOTAL:Total,NASY_APP:First time applicant,FR:France,2023-04,10260,
ESTAT:TPS00189(1.0),29/06/23 23:00:00,M:Monthly,PER:Person,EXT_EU27_2020:Extra-EU27 (from 2020),T:Total,TOTAL:Total,NASY_APP:First time applicant,HR:Croatia,2022-06,760,
ESTAT:TPS00189(1.0),29/06/23 23:00:00,M:Monthly,PER:Person,EXT_EU27_2020:Extra-EU27 (from 2020),T:Total,TOTAL:Total,NASY_APP:First time applicant,HR:Croatia,2022-07,1055,
ESTAT:TPS00189(1.0),29/06/23 23:00:00,M:Monthly,PER:Person,EXT_EU27_2020:Extra-EU27 (from 2020),T:Total,TOTAL:Total,NASY_APP:First time applicant,HR:Croatia,2022-08,1365,
ESTAT:TPS00189(1.0),29/06/23 23:00:00,M:Monthly,PER:Person,EXT_EU27_2020:Extra-EU27 (from 2020),T:Total,TOTAL:Total,NASY_APP:First time applicant,HR:Croatia,2022-09,1845,
ESTAT:TPS00189(1.0),29/06/23 23:00:00,M:Monthly,PER:Person,EXT_EU27_2020:Extra-EU27 (from 2020),T:Total,TOTAL:Total,NASY_APP:First time applicant,HR:Croatia,2022-10,1960,
ESTAT:TPS00189(1.0),29/06/23 23:00:00,M:Monthly,PER:Person,EXT_EU27_2020:Extra-EU27 (from 2020),T:Total,TOTAL:Total,NASY_APP:First time applicant,HR:Croatia,2022-11,1715,
ESTAT:TPS00189(1.0),29/06/23 23:00:00,M:Monthly,PER:Person,EXT_EU27_2020:Extra-EU27 (from 2020),T:Total,TOTAL:Total,NASY_APP:First time applicant,HR:Croatia,2022-12,1900,
ESTAT:TPS00189(1.0),29/06/23 23:00:00,M:Monthly,PER:Person,EXT_EU27_2020:Extra-EU27 (from 2020),T:Total,TOTAL:Total,NASY_APP:First time applicant,HR:Croatia,2023-01,1430,
ESTAT:TPS00189(1.0),29/06/23 23:00:00,M:Monthly,PER:Person,EXT_EU27_2020:Extra-EU27 (from 2020),T:Total,TOTAL:Total,NASY_APP:First time applicant,HR:Croatia,2023-02,2510,
ESTAT:TPS00189(1.0),29/06/23 23:00:00,M:Monthly,PER:Person,EXT_EU27_2020:Extra-EU27 (from 2020),T:Total,TOTAL:Total,NASY_APP:First time applicant,HR:Croatia,2023-03,3730,
ESTAT:TPS00189(1.0),29/06/23 23:00:00,M:Monthly,PER:Person,EXT_EU27_2020:Extra-EU27 (from 2020),T:Total,TOTAL:Total,NASY_APP:First time applicant,HU:Hungary,2022-06,5,
ESTAT:TPS00189(1.0),29/06/23 23:00:00,M:Monthly,PER:Person,EXT_EU27_2020:Extra-EU27 (from 2020),T:Total,TOTAL:Total,NASY_APP:First time applicant,HU:Hungary,2022-07,5,
ESTAT:TPS00189(1.0),29/06/23 23:00:00,M:Monthly,PER:Person,EXT_EU27_2020:Extra-EU27 (from 2020),T:Total,TOTAL:Total,NASY_APP:First time applicant,HU:Hungary,2022-08,5,
ESTAT:TPS00189(1.0),29/06/23 23:00:00,M:Monthly,PER:Person,EXT_EU27_2020:Extra-EU27 (from 2020),T:Total,TOTAL:Total,NASY_APP:First time applicant,HU:Hungary,2022-09,5,
ESTAT:TPS00189(1.0),29/06/23 23:00:00,M:Monthly,PER:Person,EXT_EU27_2020:Extra-EU27 (from 2020),T:Total,TOTAL:Total,NASY_APP:First time applicant,HU:Hungary,2022-10,5,
ESTAT:TPS00189(1.0),29/06/23 23:00:00,M:Monthly,PER:Person,EXT_EU27_2020:Extra-EU27 (from 2020),T:Total,TOTAL:Total,NASY_APP:First time applicant,HU:Hungary,2022-11,0,
ESTAT:TPS00189(1.0),29/06/23 23:00:00,M:Monthly,PER:Person,EXT_EU27_2020:Extra-EU27 (from 2020),T:Total,TOTAL:Total,NASY_APP:First time applicant,HU:Hungary,2022-12,5,
ESTAT:TPS00189(1.0),29/06/23 23:00:00,M:Monthly,PER:Person,EXT_EU27_2020:Extra-EU27 (from 2020),T:Total,TOTAL:Total,NASY_APP:First time applicant,HU:Hungary,2023-01,5,
ESTAT:TPS00189(1.0),29/06/23 23:00:00,M:Monthly,PER:Person,EXT_EU27_2020:Extra-EU27 (from 2020),T:Total,TOTAL:Total,NASY_APP:First time applicant,HU:Hungary,2023-02,0,
ESTAT:TPS00189(1.0),29/06/23 23:00:00,M:Monthly,PER:Person,EXT_EU27_2020:Extra-EU27 (from 2020),T:Total,TOTAL:Total,NASY_APP:First time applicant,HU:Hungary,2023-03,0,
ESTAT:TPS00189(1.0),29/06/23 23:00:00,M:Monthly,PER:Person,EXT_EU27_2020:Extra-EU27 (from 2020),T:Total,TOTAL:Total,NASY_APP:First time applicant,HU:Hungary,2023-04,5,
ESTAT:TPS00189(1.0),29/06/23 23:00:00,M:Monthly,PER:Person,EXT_EU27_2020:Extra-EU27 (from 2020),T:Total,TOTAL:Total,NASY_APP:First time applicant,HU:Hungary,2023-05,0,
ESTAT:TPS00189(1.0),29/06/23 23:00:00,M:Monthly,PER:Person,EXT_EU27_2020:Extra-EU27 (from 2020),T:Total,TOTAL:Total,NASY_APP:First time applicant,IE:Ireland,2022-06,1605,
ESTAT:TPS00189(1.0),29/06/23 23:00:00,M:Monthly,PER:Person,EXT_EU27_2020:Extra-EU27 (from 2020),T:Total,TOTAL:Total,NASY_APP:First time applicant,IE:Ireland,2022-07,1265,
ESTAT:TPS00189(1.0),29/06/23 23:00:00,M:Monthly,PER:Person,EXT_EU27_2020:Extra-EU27 (from 2020),T:Total,TOTAL:Total,NASY_APP:First time applicant,IE:Ireland,2022-08,1130,
ESTAT:TPS00189(1.0),29/06/23 23:00:00,M:Monthly,PER:Person,EXT_EU27_2020:Extra-EU27 (from 2020),T:Total,TOTAL:Total,NASY_APP:First time applicant,IE:Ireland,2022-09,1060,
ESTAT:TPS00189(1.0),29/06/23 23:00:00,M:Monthly,PER:Person,EXT_EU27_2020:Extra-EU27 (from 2020),T:Total,TOTAL:Total,NASY_APP:First time applicant,IE:Ireland,2022-10,1185,
ESTAT:TPS00189(1.0),29/06/23 23:00:00,M:Monthly,PER:Person,EXT_EU27_2020:Extra-EU27 (from 2020),T:Total,TOTAL:Total,NASY_APP:First time applicant,IE:Ireland,2022-11,1310,
ESTAT:TPS00189(1.0),29/06/23 23:00:00,M:Monthly,PER:Person,EXT_EU27_2020:Extra-EU27 (from 2020),T:Total,TOTAL:Total,NASY_APP:First time applicant,IE:Ireland,2022-12,1200,
ESTAT:TPS00189(1.0),29/06/23 23:00:00,M:Monthly,PER:Person,EXT_EU27_2020:Extra-EU27 (from 2020),T:Total,TOTAL:Total,NASY_APP:First time applicant,IE:Ireland,2023-01,1305,
ESTAT:TPS00189(1.0),29/06/23 23:00:00,M:Monthly,PER:Person,EXT_EU27_2020:Extra-EU27 (from 2020),T:Total,TOTAL:Total,NASY_APP:First time applicant,IE:Ireland,2023-02,830,
ESTAT:TPS00189(1.0),29/06/23 23:00:00,M:Monthly,PER:Person,EXT_EU27_2020:Extra-EU27 (from 2020),T:Total,TOTAL:Total,NASY_APP:First time applicant,IE:Ireland,2023-03,855,
ESTAT:TPS00189(1.0),29/06/23 23:00:00,M:Monthly,PER:Person,EXT_EU27_2020:Extra-EU27 (from 2020),T:Total,TOTAL:Total,NASY_APP:First time applicant,IE:Ireland,2023-04,630,
ESTAT:TPS00189(1.0),29/06/23 23:00:00,M:Monthly,PER:Person,EXT_EU27_2020:Extra-EU27 (from 2020),T:Total,TOTAL:Total,NASY_APP:First time applicant,IS:Iceland,2022-06,325,
ESTAT:TPS00189(1.0),29/06/23 23:00:00,M:Monthly,PER:Person,EXT_EU27_2020:Extra-EU27 (from 2020),T:Total,TOTAL:Total,NASY_APP:First time applicant,IS:Iceland,2022-07,295,
ESTAT:TPS00189(1.0),29/06/23 23:00:00,M:Monthly,PER:Person,EXT_EU27_2020:Extra-EU27 (from 2020),T:Total,TOTAL:Total,NASY_APP:First time applicant,IS:Iceland,2022-08,235,
ESTAT:TPS00189(1.0),29/06/23 23:00:00,M:Monthly,PER:Person,EXT_EU27_2020:Extra-EU27 (from 2020),T:Total,TOTAL:Total,NASY_APP:First time applicant,IS:Iceland,2022-09,425,
ESTAT:TPS00189(1.0),29/06/23 23:00:00,M:Monthly,PER:Person,EXT_EU27_2020:Extra-EU27 (from 2020),T:Total,TOTAL:Total,NASY_APP:First time applicant,IS:Iceland,2022-10,475,
ESTAT:TPS00189(1.0),29/06/23 23:00:00,M:Monthly,PER:Person,EXT_EU27_2020:Extra-EU27 (from 2020),T:Total,TOTAL:Total,NASY_APP:First time applicant,IS:Iceland,2022-11,510,
ESTAT:TPS00189(1.0),29/06/23 23:00:00,M:Monthly,PER:Person,EXT_EU27_2020:Extra-EU27 (from 2020),T:Total,TOTAL:Total,NASY_APP:First time applicant,IS:Iceland,2022-12,580,
ESTAT:TPS00189(1.0),29/06/23 23:00:00,M:Monthly,PER:Person,EXT_EU27_2020:Extra-EU27 (from 2020),T:Total,TOTAL:Total,NASY_APP:First time applicant,IS:Iceland,2023-02,465,
ESTAT:TPS00189(1.0),29/06/23 23:00:00,M:Monthly,PER:Person,EXT_EU27_2020:Extra-EU27 (from 2020),T:Total,TOTAL:Total,NASY_APP:First time applicant,IS:Iceland,2023-03,480,
ESTAT:TPS00189(1.0),29/06/23 23:00:00,M:Monthly,PER:Person,EXT_EU27_2020:Extra-EU27 (from 2020),T:Total,TOTAL:Total,NASY_APP:First time applicant,IS:Iceland,2023-04,370,
ESTAT:TPS00189(1.0),29/06/23 23:00:00,M:Monthly,PER:Person,EXT_EU27_2020:Extra-EU27 (from 2020),T:Total,TOTAL:Total,NASY_APP:First time applicant,IT:Italy,2022-06,5690,
ESTAT:TPS00189(1.0),29/06/23 23:00:00,M:Monthly,PER:Person,EXT_EU27_2020:Extra-EU27 (from 2020),T:Total,TOTAL:Total,NASY_APP:First time applicant,IT:Italy,2022-07,5105,
ESTAT:TPS00189(1.0),29/06/23 23:00:00,M:Monthly,PER:Person,EXT_EU27_2020:Extra-EU27 (from 2020),T:Total,TOTAL:Total,NASY_APP:First time applicant,IT:Italy,2022-08,5985,
ESTAT:TPS00189(1.0),29/06/23 23:00:00,M:Monthly,PER:Person,EXT_EU27_2020:Extra-EU27 (from 2020),T:Total,TOTAL:Total,NASY_APP:First time applicant,IT:Italy,2022-09,7920,
ESTAT:TPS00189(1.0),29/06/23 23:00:00,M:Monthly,PER:Person,EXT_EU27_2020:Extra-EU27 (from 2020),T:Total,TOTAL:Total,NASY_APP:First time applicant,IT:Italy,2022-10,8385,
ESTAT:TPS00189(1.0),29/06/23 23:00:00,M:Monthly,PER:Person,EXT_EU27_2020:Extra-EU27 (from 2020),T:Total,TOTAL:Total,NASY_APP:First time applicant,IT:Italy,2022-11,9145,
ESTAT:TPS00189(1.0),29/06/23 23:00:00,M:Monthly,PER:Person,EXT_EU27_2020:Extra-EU27 (from 2020),T:Total,TOTAL:Total,NASY_APP:First time applicant,IT:Italy,2022-12,7995,
ESTAT:TPS00189(1.0),29/06/23 23:00:00,M:Monthly,PER:Person,EXT_EU27_2020:Extra-EU27 (from 2020),T:Total,TOTAL:Total,NASY_APP:First time applicant,IT:Italy,2023-01,8415,
ESTAT:TPS00189(1.0),29/06/23 23:00:00,M:Monthly,PER:Person,EXT_EU27_2020:Extra-EU27 (from 2020),T:Total,TOTAL:Total,NASY_APP:First time applicant,IT:Italy,2023-02,9840,
ESTAT:TPS00189(1.0),29/06/23 23:00:00,M:Monthly,PER:Person,EXT_EU27_2020:Extra-EU27 (from 2020),T:Total,TOTAL:Total,NASY_APP:First time applicant,IT:Italy,2023-03,11335,
ESTAT:TPS00189(1.0),29/06/23 23:00:00,M:Monthly,PER:Person,EXT_EU27_2020:Extra-EU27 (from 2020),T:Total,TOTAL:Total,NASY_APP:First time applicant,IT:Italy,2023-04,8175,
ESTAT:TPS00189(1.0),29/06/23 23:00:00,M:Monthly,PER:Person,EXT_EU27_2020:Extra-EU27 (from 2020),T:Total,TOTAL:Total,NASY_APP:First time applicant,LI:Liechtenstein,2022-06,0,
ESTAT:TPS00189(1.0),29/06/23 23:00:00,M:Monthly,PER:Person,EXT_EU27_2020:Extra-EU27 (from 2020),T:Total,TOTAL:Total,NASY_APP:First time applicant,LI:Liechtenstein,2022-07,5,
ESTAT:TPS00189(1.0),29/06/23 23:00:00,M:Monthly,PER:Person,EXT_EU27_2020:Extra-EU27 (from 2020),T:Total,TOTAL:Total,NASY_APP:First time applicant,LI:Liechtenstein,2022-08,5,
ESTAT:TPS00189(1.0),29/06/23 23:00:00,M:Monthly,PER:Person,EXT_EU27_2020:Extra-EU27 (from 2020),T:Total,TOTAL:Total,NASY_APP:First time applicant,LI:Liechtenstein,2022-09,10,
ESTAT:TPS00189(1.0),29/06/23 23:00:00,M:Monthly,PER:Person,EXT_EU27_2020:Extra-EU27 (from 2020),T:Total,TOTAL:Total,NASY_APP:First time applicant,LI:Liechtenstein,2022-10,0,
ESTAT:TPS00189(1.0),29/06/23 23:00:00,M:Monthly,PER:Person,EXT_EU27_2020:Extra-EU27 (from 2020),T:Total,TOTAL:Total,NASY_APP:First time applicant,LI:Liechtenstein,2022-11,10,
ESTAT:TPS00189(1.0),29/06/23 23:00:00,M:Monthly,PER:Person,EXT_EU27_2020:Extra-EU27 (from 2020),T:Total,TOTAL:Total,NASY_APP:First time applicant,LI:Liechtenstein,2022-12,5,
ESTAT:TPS00189(1.0),29/06/23 23:00:00,M:Monthly,PER:Person,EXT_EU27_2020:Extra-EU27 (from 2020),T:Total,TOTAL:Total,NASY_APP:First time applicant,LI:Liechtenstein,2023-01,10,
ESTAT:TPS00189(1.0),29/06/23 23:00:00,M:Monthly,PER:Person,EXT_EU27_2020:Extra-EU27 (from 2020),T:Total,TOTAL:Total,NASY_APP:First time applicant,LI:Liechtenstein,2023-02,5,
ESTAT:TPS00189(1.0),29/06/23 23:00:00,M:Monthly,PER:Person,EXT_EU27_2020:Extra-EU27 (from 2020),T:Total,TOTAL:Total,NASY_APP:First time applicant,LI:Liechtenstein,2023-03,5,
ESTAT:TPS00189(1.0),29/06/23 23:00:00,M:Monthly,PER:Person,EXT_EU27_2020:Extra-EU27 (from 2020),T:Total,TOTAL:Total,NASY_APP:First time applicant,LI:Liechtenstein,2023-04,5,
ESTAT:TPS00189(1.0),29/06/23 23:00:00,M:Monthly,PER:Person,EXT_EU27_2020:Extra-EU27 (from 2020),T:Total,TOTAL:Total,NASY_APP:First time applicant,LT:Lithuania,2022-06,55,
ESTAT:TPS00189(1.0),29/06/23 23:00:00,M:Monthly,PER:Person,EXT_EU27_2020:Extra-EU27 (from 2020),T:Total,TOTAL:Total,NASY_APP:First time applicant,LT:Lithuania,2022-07,70,
ESTAT:TPS00189(1.0),29/06/23 23:00:00,M:Monthly,PER:Person,EXT_EU27_2020:Extra-EU27 (from 2020),T:Total,TOTAL:Total,NASY_APP:First time applicant,LT:Lithuania,2022-08,50,
ESTAT:TPS00189(1.0),29/06/23 23:00:00,M:Monthly,PER:Person,EXT_EU27_2020:Extra-EU27 (from 2020),T:Total,TOTAL:Total,NASY_APP:First time applicant,LT:Lithuania,2022-09,85,
ESTAT:TPS00189(1.0),29/06/23 23:00:00,M:Monthly,PER:Person,EXT_EU27_2020:Extra-EU27 (from 2020),T:Total,TOTAL:Total,NASY_APP:First time applicant,LT:Lithuania,2022-10,50,
ESTAT:TPS00189(1.0),29/06/23 23:00:00,M:Monthly,PER:Person,EXT_EU27_2020:Extra-EU27 (from 2020),T:Total,TOTAL:Total,NASY_APP:First time applicant,LT:Lithuania,2022-11,40,
ESTAT:TPS00189(1.0),29/06/23 23:00:00,M:Monthly,PER:Person,EXT_EU27_2020:Extra-EU27 (from 2020),T:Total,TOTAL:Total,NASY_APP:First time applicant,LT:Lithuania,2022-12,45,
ESTAT:TPS00189(1.0),29/06/23 23:00:00,M:Monthly,PER:Person,EXT_EU27_2020:Extra-EU27 (from 2020),T:Total,TOTAL:Total,NASY_APP:First time applicant,LT:Lithuania,2023-01,50,
ESTAT:TPS00189(1.0),29/06/23 23:00:00,M:Monthly,PER:Person,EXT_EU27_2020:Extra-EU27 (from 2020),T:Total,TOTAL:Total,NASY_APP:First time applicant,LT:Lithuania,2023-02,25,
ESTAT:TPS00189(1.0),29/06/23 23:00:00,M:Monthly,PER:Person,EXT_EU27_2020:Extra-EU27 (from 2020),T:Total,TOTAL:Total,NASY_APP:First time applicant,LT:Lithuania,2023-03,55,
ESTAT:TPS00189(1.0),29/06/23 23:00:00,M:Monthly,PER:Person,EXT_EU27_2020:Extra-EU27 (from 2020),T:Total,TOTAL:Total,NASY_APP:First time applicant,LU:Luxembourg,2022-06,160,
ESTAT:TPS00189(1.0),29/06/23 23:00:00,M:Monthly,PER:Person,EXT_EU27_2020:Extra-EU27 (from 2020),T:Total,TOTAL:Total,NASY_APP:First time applicant,LU:Luxembourg,2022-07,180,
ESTAT:TPS00189(1.0),29/06/23 23:00:00,M:Monthly,PER:Person,EXT_EU27_2020:Extra-EU27 (from 2020),T:Total,TOTAL:Total,NASY_APP:First time applicant,LU:Luxembourg,2022-08,225,
ESTAT:TPS00189(1.0),29/06/23 23:00:00,M:Monthly,PER:Person,EXT_EU27_2020:Extra-EU27 (from 2020),T:Total,TOTAL:Total,NASY_APP:First time applicant,LU:Luxembourg,2022-09,300,
ESTAT:TPS00189(1.0),29/06/23 23:00:00,M:Monthly,PER:Person,EXT_EU27_2020:Extra-EU27 (from 2020),T:Total,TOTAL:Total,NASY_APP:First time applicant,LU:Luxembourg,2022-10,295,
ESTAT:TPS00189(1.0),29/06/23 23:00:00,M:Monthly,PER:Person,EXT_EU27_2020:Extra-EU27 (from 2020),T:Total,TOTAL:Total,NASY_APP:First time applicant,LU:Luxembourg,2022-11,220,
ESTAT:TPS00189(1.0),29/06/23 23:00:00,M:Monthly,PER:Person,EXT_EU27_2020:Extra-EU27 (from 2020),T:Total,TOTAL:Total,NASY_APP:First time applicant,LU:Luxembourg,2022-12,160,
ESTAT:TPS00189(1.0),29/06/23 23:00:00,M:Monthly,PER:Person,EXT_EU27_2020:Extra-EU27 (from 2020),T:Total,TOTAL:Total,NASY_APP:First time applicant,LU:Luxembourg,2023-01,190,
ESTAT:TPS00189(1.0),29/06/23 23:00:00,M:Monthly,PER:Person,EXT_EU27_2020:Extra-EU27 (from 2020),T:Total,TOTAL:Total,NASY_APP:First time applicant,LU:Luxembourg,2023-02,160,
ESTAT:TPS00189(1.0),29/06/23 23:00:00,M:Monthly,PER:Person,EXT_EU27_2020:Extra-EU27 (from 2020),T:Total,TOTAL:Total,NASY_APP:First time applicant,LU:Luxembourg,2023-03,190,
ESTAT:TPS00189(1.0),29/06/23 23:00:00,M:Monthly,PER:Person,EXT_EU27_2020:Extra-EU27 (from 2020),T:Total,TOTAL:Total,NASY_APP:First time applicant,LU:Luxembourg,2023-04,180,
ESTAT:TPS00189(1.0),29/06/23 23:00:00,M:Monthly,PER:Person,EXT_EU27_2020:Extra-EU27 (from 2020),T:Total,TOTAL:Total,NASY_APP:First time applicant,LV:Latvia,2022-06,65,
ESTAT:TPS00189(1.0),29/06/23 23:00:00,M:Monthly,PER:Person,EXT_EU27_2020:Extra-EU27 (from 2020),T:Total,TOTAL:Total,NASY_APP:First time applicant,LV:Latvia,2022-07,35,
ESTAT:TPS00189(1.0),29/06/23 23:00:00,M:Monthly,PER:Person,EXT_EU27_2020:Extra-EU27 (from 2020),T:Total,TOTAL:Total,NASY_APP:First time applicant,LV:Latvia,2022-08,40,
ESTAT:TPS00189(1.0),29/06/23 23:00:00,M:Monthly,PER:Person,EXT_EU27_2020:Extra-EU27 (from 2020),T:Total,TOTAL:Total,NASY_APP:First time applicant,LV:Latvia,2022-09,40,
ESTAT:TPS00189(1.0),29/06/23 23:00:00,M:Monthly,PER:Person,EXT_EU27_2020:Extra-EU27 (from 2020),T:Total,TOTAL:Total,NASY_APP:First time applicant,LV:Latvia,2022-10,55,
ESTAT:TPS00189(1.0),29/06/23 23:00:00,M:Monthly,PER:Person,EXT_EU27_2020:Extra-EU27 (from 2020),T:Total,TOTAL:Total,NASY_APP:First time applicant,LV:Latvia,2022-11,50,
ESTAT:TPS00189(1.0),29/06/23 23:00:00,M:Monthly,PER:Person,EXT_EU27_2020:Extra-EU27 (from 2020),T:Total,TOTAL:Total,NASY_APP:First time applicant,LV:Latvia,2022-12,95,
ESTAT:TPS00189(1.0),29/06/23 23:00:00,M:Monthly,PER:Person,EXT_EU27_2020:Extra-EU27 (from 2020),T:Total,TOTAL:Total,NASY_APP:First time applicant,LV:Latvia,2023-01,65,
ESTAT:TPS00189(1.0),29/06/23 23:00:00,M:Monthly,PER:Person,EXT_EU27_2020:Extra-EU27 (from 2020),T:Total,TOTAL:Total,NASY_APP:First time applicant,LV:Latvia,2023-02,45,
ESTAT:TPS00189(1.0),29/06/23 23:00:00,M:Monthly,PER:Person,EXT_EU27_2020:Extra-EU27 (from 2020),T:Total,TOTAL:Total,NASY_APP:First time applicant,LV:Latvia,2023-03,25,
ESTAT:TPS00189(1.0),29/06/23 23:00:00,M:Monthly,PER:Person,EXT_EU27_2020:Extra-EU27 (from 2020),T:Total,TOTAL:Total,NASY_APP:First time applicant,ME:Montenegro,2022-06,15,
ESTAT:TPS00189(1.0),29/06/23 23:00:00,M:Monthly,PER:Person,EXT_EU27_2020:Extra-EU27 (from 2020),T:Total,TOTAL:Total,NASY_APP:First time applicant,ME:Montenegro,2022-07,10,
ESTAT:TPS00189(1.0),29/06/23 23:00:00,M:Monthly,PER:Person,EXT_EU27_2020:Extra-EU27 (from 2020),T:Total,TOTAL:Total,NASY_APP:First time applicant,ME:Montenegro,2022-08,10,
ESTAT:TPS00189(1.0),29/06/23 23:00:00,M:Monthly,PER:Person,EXT_EU27_2020:Extra-EU27 (from 2020),T:Total,TOTAL:Total,NASY_APP:First time applicant,ME:Montenegro,2022-09,15,
ESTAT:TPS00189(1.0),29/06/23 23:00:00,M:Monthly,PER:Person,EXT_EU27_2020:Extra-EU27 (from 2020),T:Total,TOTAL:Total,NASY_APP:First time applicant,ME:Montenegro,2022-10,15,
ESTAT:TPS00189(1.0),29/06/23 23:00:00,M:Monthly,PER:Person,EXT_EU27_2020:Extra-EU27 (from 2020),T:Total,TOTAL:Total,NASY_APP:First time applicant,ME:Montenegro,2022-11,15,
ESTAT:TPS00189(1.0),29/06/23 23:00:00,M:Monthly,PER:Person,EXT_EU27_2020:Extra-EU27 (from 2020),T:Total,TOTAL:Total,NASY_APP:First time applicant,ME:Montenegro,2022-12,25,
ESTAT:TPS00189(1.0),29/06/23 23:00:00,M:Monthly,PER:Person,EXT_EU27_2020:Extra-EU27 (from 2020),T:Total,TOTAL:Total,NASY_APP:First time applicant,ME:Montenegro,2023-01,5,
ESTAT:TPS00189(1.0),29/06/23 23:00:00,M:Monthly,PER:Person,EXT_EU27_2020:Extra-EU27 (from 2020),T:Total,TOTAL:Total,NASY_APP:First time applicant,ME:Montenegro,2023-02,15,
ESTAT:TPS00189(1.0),29/06/23 23:00:00,M:Monthly,PER:Person,EXT_EU27_2020:Extra-EU27 (from 2020),T:Total,TOTAL:Total,NASY_APP:First time applicant,ME:Montenegro,2023-03,15,
ESTAT:TPS00189(1.0),29/06/23 23:00:00,M:Monthly,PER:Person,EXT_EU27_2020:Extra-EU27 (from 2020),T:Total,TOTAL:Total,NASY_APP:First time applicant,ME:Montenegro,2023-04,10,
ESTAT:TPS00189(1.0),29/06/23 23:00:00,M:Monthly,PER:Person,EXT_EU27_2020:Extra-EU27 (from 2020),T:Total,TOTAL:Total,NASY_APP:First time applicant,ME:Montenegro,2023-05,10,
ESTAT:TPS00189(1.0),29/06/23 23:00:00,M:Monthly,PER:Person,EXT_EU27_2020:Extra-EU27 (from 2020),T:Total,TOTAL:Total,NASY_APP:First time applicant,MT:Malta,2022-06,55,
ESTAT:TPS00189(1.0),29/06/23 23:00:00,M:Monthly,PER:Person,EXT_EU27_2020:Extra-EU27 (from 2020),T:Total,TOTAL:Total,NASY_APP:First time applicant,MT:Malta,2022-07,35,
ESTAT:TPS00189(1.0),29/06/23 23:00:00,M:Monthly,PER:Person,EXT_EU27_2020:Extra-EU27 (from 2020),T:Total,TOTAL:Total,NASY_APP:First time applicant,MT:Malta,2022-08,75,
ESTAT:TPS00189(1.0),29/06/23 23:00:00,M:Monthly,PER:Person,EXT_EU27_2020:Extra-EU27 (from 2020),T:Total,TOTAL:Total,NASY_APP:First time applicant,MT:Malta,2022-09,80,
ESTAT:TPS00189(1.0),29/06/23 23:00:00,M:Monthly,PER:Person,EXT_EU27_2020:Extra-EU27 (from 2020),T:Total,TOTAL:Total,NASY_APP:First time applicant,MT:Malta,2022-10,100,
ESTAT:TPS00189(1.0),29/06/23 23:00:00,M:Monthly,PER:Person,EXT_EU27_2020:Extra-EU27 (from 2020),T:Total,TOTAL:Total,NASY_APP:First time applicant,MT:Malta,2022-11,80,
ESTAT:TPS00189(1.0),29/06/23 23:00:00,M:Monthly,PER:Person,EXT_EU27_2020:Extra-EU27 (from 2020),T:Total,TOTAL:Total,NASY_APP:First time applicant,MT:Malta,2022-12,45,
ESTAT:TPS00189(1.0),29/06/23 23:00:00,M:Monthly,PER:Person,EXT_EU27_2020:Extra-EU27 (from 2020),T:Total,TOTAL:Total,NASY_APP:First time applicant,MT:Malta,2023-01,45,
ESTAT:TPS00189(1.0),29/06/23 23:00:00,M:Monthly,PER:Person,EXT_EU27_2020:Extra-EU27 (from 2020),T:Total,TOTAL:Total,NASY_APP:First time applicant,MT:Malta,2023-02,25,
ESTAT:TPS00189(1.0),29/06/23 23:00:00,M:Monthly,PER:Person,EXT_EU27_2020:Extra-EU27 (from 2020),T:Total,TOTAL:Total,NASY_APP:First time applicant,MT:Malta,2023-03,25,
ESTAT:TPS00189(1.0),29/06/23 23:00:00,M:Monthly,PER:Person,EXT_EU27_2020:Extra-EU27 (from 2020),T:Total,TOTAL:Total,NASY_APP:First time applicant,MT:Malta,2023-04,25,
ESTAT:TPS00189(1.0),29/06/23 23:00:00,M:Monthly,PER:Person,EXT_EU27_2020:Extra-EU27 (from 2020),T:Total,TOTAL:Total,NASY_APP:First time applicant,NL:Netherlands,2022-06,2575,
ESTAT:TPS00189(1.0),29/06/23 23:00:00,M:Monthly,PER:Person,EXT_EU27_2020:Extra-EU27 (from 2020),T:Total,TOTAL:Total,NASY_APP:First time applicant,NL:Netherlands,2022-07,2740,
ESTAT:TPS00189(1.0),29/06/23 23:00:00,M:Monthly,PER:Person,EXT_EU27_2020:Extra-EU27 (from 2020),T:Total,TOTAL:Total,NASY_APP:First time applicant,NL:Netherlands,2022-08,3835,
ESTAT:TPS00189(1.0),29/06/23 23:00:00,M:Monthly,PER:Person,EXT_EU27_2020:Extra-EU27 (from 2020),T:Total,TOTAL:Total,NASY_APP:First time applicant,NL:Netherlands,2022-09,4430,
ESTAT:TPS00189(1.0),29/06/23 23:00:00,M:Monthly,PER:Person,EXT_EU27_2020:Extra-EU27 (from 2020),T:Total,TOTAL:Total,NASY_APP:First time applicant,NL:Netherlands,2022-10,4070,
ESTAT:TPS00189(1.0),29/06/23 23:00:00,M:Monthly,PER:Person,EXT_EU27_2020:Extra-EU27 (from 2020),T:Total,TOTAL:Total,NASY_APP:First time applicant,NL:Netherlands,2022-11,4070,
ESTAT:TPS00189(1.0),29/06/23 23:00:00,M:Monthly,PER:Person,EXT_EU27_2020:Extra-EU27 (from 2020),T:Total,TOTAL:Total,NASY_APP:First time applicant,NL:Netherlands,2022-12,2590,
ESTAT:TPS00189(1.0),29/06/23 23:00:00,M:Monthly,PER:Person,EXT_EU27_2020:Extra-EU27 (from 2020),T:Total,TOTAL:Total,NASY_APP:First time applicant,NL:Netherlands,2023-01,2485,
ESTAT:TPS00189(1.0),29/06/23 23:00:00,M:Monthly,PER:Person,EXT_EU27_2020:Extra-EU27 (from 2020),T:Total,TOTAL:Total,NASY_APP:First time applicant,NL:Netherlands,2023-02,2190,
ESTAT:TPS00189(1.0),29/06/23 23:00:00,M:Monthly,PER:Person,EXT_EU27_2020:Extra-EU27 (from 2020),T:Total,TOTAL:Total,NASY_APP:First time applicant,NL:Netherlands,2023-03,2220,
ESTAT:TPS00189(1.0),29/06/23 23:00:00,M:Monthly,PER:Person,EXT_EU27_2020:Extra-EU27 (from 2020),T:Total,TOTAL:Total,NASY_APP:First time applicant,NL:Netherlands,2023-04,2350,
ESTAT:TPS00189(1.0),29/06/23 23:00:00,M:Monthly,PER:Person,EXT_EU27_2020:Extra-EU27 (from 2020),T:Total,TOTAL:Total,NASY_APP:First time applicant,NL:Netherlands,2023-05,2540,
ESTAT:TPS00189(1.0),29/06/23 23:00:00,M:Monthly,PER:Person,EXT_EU27_2020:Extra-EU27 (from 2020),T:Total,TOTAL:Total,NASY_APP:First time applicant,NO:Norway,2022-06,300,
ESTAT:TPS00189(1.0),29/06/23 23:00:00,M:Monthly,PER:Person,EXT_EU27_2020:Extra-EU27 (from 2020),T:Total,TOTAL:Total,NASY_APP:First time applicant,NO:Norway,2022-07,305,
ESTAT:TPS00189(1.0),29/06/23 23:00:00,M:Monthly,PER:Person,EXT_EU27_2020:Extra-EU27 (from 2020),T:Total,TOTAL:Total,NASY_APP:First time applicant,NO:Norway,2022-08,540,
ESTAT:TPS00189(1.0),29/06/23 23:00:00,M:Monthly,PER:Person,EXT_EU27_2020:Extra-EU27 (from 2020),T:Total,TOTAL:Total,NASY_APP:First time applicant,NO:Norway,2022-09,635,
ESTAT:TPS00189(1.0),29/06/23 23:00:00,M:Monthly,PER:Person,EXT_EU27_2020:Extra-EU27 (from 2020),T:Total,TOTAL:Total,NASY_APP:First time applicant,NO:Norway,2022-10,715,
ESTAT:TPS00189(1.0),29/06/23 23:00:00,M:Monthly,PER:Person,EXT_EU27_2020:Extra-EU27 (from 2020),T:Total,TOTAL:Total,NASY_APP:First time applicant,NO:Norway,2022-11,565,
ESTAT:TPS00189(1.0),29/06/23 23:00:00,M:Monthly,PER:Person,EXT_EU27_2020:Extra-EU27 (from 2020),T:Total,TOTAL:Total,NASY_APP:First time applicant,NO:Norway,2022-12,385,
ESTAT:TPS00189(1.0),29/06/23 23:00:00,M:Monthly,PER:Person,EXT_EU27_2020:Extra-EU27 (from 2020),T:Total,TOTAL:Total,NASY_APP:First time applicant,NO:Norway,2023-01,375,
ESTAT:TPS00189(1.0),29/06/23 23:00:00,M:Monthly,PER:Person,EXT_EU27_2020:Extra-EU27 (from 2020),T:Total,TOTAL:Total,NASY_APP:First time applicant,NO:Norway,2023-02,265,
ESTAT:TPS00189(1.0),29/06/23 23:00:00,M:Monthly,PER:Person,EXT_EU27_2020:Extra-EU27 (from 2020),T:Total,TOTAL:Total,NASY_APP:First time applicant,NO:Norway,2023-03,325,
ESTAT:TPS00189(1.0),29/06/23 23:00:00,M:Monthly,PER:Person,EXT_EU27_2020:Extra-EU27 (from 2020),T:Total,TOTAL:Total,NASY_APP:First time applicant,NO:Norway,2023-04,290,
ESTAT:TPS00189(1.0),29/06/23 23:00:00,M:Monthly,PER:Person,EXT_EU27_2020:Extra-EU27 (from 2020),T:Total,TOTAL:Total,NASY_APP:First time applicant,NO:Norway,2023-05,340,
ESTAT:TPS00189(1.0),29/06/23 23:00:00,M:Monthly,PER:Person,EXT_EU27_2020:Extra-EU27 (from 2020),T:Total,TOTAL:Total,NASY_APP:First time applicant,PL:Poland,2022-06,460,
ESTAT:TPS00189(1.0),29/06/23 23:00:00,M:Monthly,PER:Person,EXT_EU27_2020:Extra-EU27 (from 2020),T:Total,TOTAL:Total,NASY_APP:First time applicant,PL:Poland,2022-07,545,
ESTAT:TPS00189(1.0),29/06/23 23:00:00,M:Monthly,PER:Person,EXT_EU27_2020:Extra-EU27 (from 2020),T:Total,TOTAL:Total,NASY_APP:First time applicant,PL:Poland,2022-08,610,
ESTAT:TPS00189(1.0),29/06/23 23:00:00,M:Monthly,PER:Person,EXT_EU27_2020:Extra-EU27 (from 2020),T:Total,TOTAL:Total,NASY_APP:First time applicant,PL:Poland,2022-09,620,
ESTAT:TPS00189(1.0),29/06/23 23:00:00,M:Monthly,PER:Person,EXT_EU27_2020:Extra-EU27 (from 2020),T:Total,TOTAL:Total,NASY_APP:First time applicant,PL:Poland,2022-10,615,
ESTAT:TPS00189(1.0),29/06/23 23:00:00,M:Monthly,PER:Person,EXT_EU27_2020:Extra-EU27 (from 2020),T:Total,TOTAL:Total,NASY_APP:First time applicant,PL:Poland,2022-11,665,
ESTAT:TPS00189(1.0),29/06/23 23:00:00,M:Monthly,PER:Person,EXT_EU27_2020:Extra-EU27 (from 2020),T:Total,TOTAL:Total,NASY_APP:First time applicant,PL:Poland,2022-12,650,
ESTAT:TPS00189(1.0),29/06/23 23:00:00,M:Monthly,PER:Person,EXT_EU27_2020:Extra-EU27 (from 2020),T:Total,TOTAL:Total,NASY_APP:First time applicant,PL:Poland,2023-01,665,
ESTAT:TPS00189(1.0),29/06/23 23:00:00,M:Monthly,PER:Person,EXT_EU27_2020:Extra-EU27 (from 2020),T:Total,TOTAL:Total,NASY_APP:First time applicant,PL:Poland,2023-02,525,
ESTAT:TPS00189(1.0),29/06/23 23:00:00,M:Monthly,PER:Person,EXT_EU27_2020:Extra-EU27 (from 2020),T:Total,TOTAL:Total,NASY_APP:First time applicant,PL:Poland,2023-03,580,
ESTAT:TPS00189(1.0),29/06/23 23:00:00,M:Monthly,PER:Person,EXT_EU27_2020:Extra-EU27 (from 2020),T:Total,TOTAL:Total,NASY_APP:First time applicant,PL:Poland,2023-04,450,
ESTAT:TPS00189(1.0),29/06/23 23:00:00,M:Monthly,PER:Person,EXT_EU27_2020:Extra-EU27 (from 2020),T:Total,TOTAL:Total,NASY_APP:First time applicant,PL:Poland,2023-05,565,
ESTAT:TPS00189(1.0),29/06/23 23:00:00,M:Monthly,PER:Person,EXT_EU27_2020:Extra-EU27 (from 2020),T:Total,TOTAL:Total,NASY_APP:First time applicant,PT:Portugal,2022-06,130,
ESTAT:TPS00189(1.0),29/06/23 23:00:00,M:Monthly,PER:Person,EXT_EU27_2020:Extra-EU27 (from 2020),T:Total,TOTAL:Total,NASY_APP:First time applicant,PT:Portugal,2022-07,125,
ESTAT:TPS00189(1.0),29/06/23 23:00:00,M:Monthly,PER:Person,EXT_EU27_2020:Extra-EU27 (from 2020),T:Total,TOTAL:Total,NASY_APP:First time applicant,PT:Portugal,2022-08,135,
ESTAT:TPS00189(1.0),29/06/23 23:00:00,M:Monthly,PER:Person,EXT_EU27_2020:Extra-EU27 (from 2020),T:Total,TOTAL:Total,NASY_APP:First time applicant,PT:Portugal,2022-09,130,
ESTAT:TPS00189(1.0),29/06/23 23:00:00,M:Monthly,PER:Person,EXT_EU27_2020:Extra-EU27 (from 2020),T:Total,TOTAL:Total,NASY_APP:First time applicant,PT:Portugal,2022-10,155,
ESTAT:TPS00189(1.0),29/06/23 23:00:00,M:Monthly,PER:Person,EXT_EU27_2020:Extra-EU27 (from 2020),T:Total,TOTAL:Total,NASY_APP:First time applicant,PT:Portugal,2022-11,180,
ESTAT:TPS00189(1.0),29/06/23 23:00:00,M:Monthly,PER:Person,EXT_EU27_2020:Extra-EU27 (from 2020),T:Total,TOTAL:Total,NASY_APP:First time applicant,PT:Portugal,2022-12,225,
ESTAT:TPS00189(1.0),29/06/23 23:00:00,M:Monthly,PER:Person,EXT_EU27_2020:Extra-EU27 (from 2020),T:Total,TOTAL:Total,NASY_APP:First time applicant,PT:Portugal,2023-01,175,
ESTAT:TPS00189(1.0),29/06/23 23:00:00,M:Monthly,PER:Person,EXT_EU27_2020:Extra-EU27 (from 2020),T:Total,TOTAL:Total,NASY_APP:First time applicant,PT:Portugal,2023-02,170,
ESTAT:TPS00189(1.0),29/06/23 23:00:00,M:Monthly,PER:Person,EXT_EU27_2020:Extra-EU27 (from 2020),T:Total,TOTAL:Total,NASY_APP:First time applicant,PT:Portugal,2023-03,150,
ESTAT:TPS00189(1.0),29/06/23 23:00:00,M:Monthly,PER:Person,EXT_EU27_2020:Extra-EU27 (from 2020),T:Total,TOTAL:Total,NASY_APP:First time applicant,PT:Portugal,2023-04,165,
ESTAT:TPS00189(1.0),29/06/23 23:00:00,M:Monthly,PER:Person,EXT_EU27_2020:Extra-EU27 (from 2020),T:Total,TOTAL:Total,NASY_APP:First time applicant,RO:Romania,2022-06,590,
ESTAT:TPS00189(1.0),29/06/23 23:00:00,M:Monthly,PER:Person,EXT_EU27_2020:Extra-EU27 (from 2020),T:Total,TOTAL:Total,NASY_APP:First time applicant,RO:Romania,2022-07,1090,
ESTAT:TPS00189(1.0),29/06/23 23:00:00,M:Monthly,PER:Person,EXT_EU27_2020:Extra-EU27 (from 2020),T:Total,TOTAL:Total,NASY_APP:First time applicant,RO:Romania,2022-08,1190,
ESTAT:TPS00189(1.0),29/06/23 23:00:00,M:Monthly,PER:Person,EXT_EU27_2020:Extra-EU27 (from 2020),T:Total,TOTAL:Total,NASY_APP:First time applicant,RO:Romania,2022-09,805,
ESTAT:TPS00189(1.0),29/06/23 23:00:00,M:Monthly,PER:Person,EXT_EU27_2020:Extra-EU27 (from 2020),T:Total,TOTAL:Total,NASY_APP:First time applicant,RO:Romania,2022-10,575,
ESTAT:TPS00189(1.0),29/06/23 23:00:00,M:Monthly,PER:Person,EXT_EU27_2020:Extra-EU27 (from 2020),T:Total,TOTAL:Total,NASY_APP:First time applicant,RO:Romania,2022-11,535,
ESTAT:TPS00189(1.0),29/06/23 23:00:00,M:Monthly,PER:Person,EXT_EU27_2020:Extra-EU27 (from 2020),T:Total,TOTAL:Total,NASY_APP:First time applicant,RO:Romania,2022-12,485,
ESTAT:TPS00189(1.0),29/06/23 23:00:00,M:Monthly,PER:Person,EXT_EU27_2020:Extra-EU27 (from 2020),T:Total,TOTAL:Total,NASY_APP:First time applicant,RO:Romania,2023-01,670,
ESTAT:TPS00189(1.0),29/06/23 23:00:00,M:Monthly,PER:Person,EXT_EU27_2020:Extra-EU27 (from 2020),T:Total,TOTAL:Total,NASY_APP:First time applicant,RO:Romania,2023-02,705,
ESTAT:TPS00189(1.0),29/06/23 23:00:00,M:Monthly,PER:Person,EXT_EU27_2020:Extra-EU27 (from 2020),T:Total,TOTAL:Total,NASY_APP:First time applicant,RO:Romania,2023-03,1085,
ESTAT:TPS00189(1.0),29/06/23 23:00:00,M:Monthly,PER:Person,EXT_EU27_2020:Extra-EU27 (from 2020),T:Total,TOTAL:Total,NASY_APP:First time applicant,SE:Sweden,2022-06,1125,
ESTAT:TPS00189(1.0),29/06/23 23:00:00,M:Monthly,PER:Person,EXT_EU27_2020:Extra-EU27 (from 2020),T:Total,TOTAL:Total,NASY_APP:First time applicant,SE:Sweden,2022-07,1005,
ESTAT:TPS00189(1.0),29/06/23 23:00:00,M:Monthly,PER:Person,EXT_EU27_2020:Extra-EU27 (from 2020),T:Total,TOTAL:Total,NASY_APP:First time applicant,SE:Sweden,2022-08,1205,
ESTAT:TPS00189(1.0),29/06/23 23:00:00,M:Monthly,PER:Person,EXT_EU27_2020:Extra-EU27 (from 2020),T:Total,TOTAL:Total,NASY_APP:First time applicant,SE:Sweden,2022-09,1300,
ESTAT:TPS00189(1.0),29/06/23 23:00:00,M:Monthly,PER:Person,EXT_EU27_2020:Extra-EU27 (from 2020),T:Total,TOTAL:Total,NASY_APP:First time applicant,SE:Sweden,2022-10,1155,
ESTAT:TPS00189(1.0),29/06/23 23:00:00,M:Monthly,PER:Person,EXT_EU27_2020:Extra-EU27 (from 2020),T:Total,TOTAL:Total,NASY_APP:First time applicant,SE:Sweden,2022-11,1075,
ESTAT:TPS00189(1.0),29/06/23 23:00:00,M:Monthly,PER:Person,EXT_EU27_2020:Extra-EU27 (from 2020),T:Total,TOTAL:Total,NASY_APP:First time applicant,SE:Sweden,2022-12,970,
ESTAT:TPS00189(1.0),29/06/23 23:00:00,M:Monthly,PER:Person,EXT_EU27_2020:Extra-EU27 (from 2020),T:Total,TOTAL:Total,NASY_APP:First time applicant,SE:Sweden,2023-01,955,
ESTAT:TPS00189(1.0),29/06/23 23:00:00,M:Monthly,PER:Person,EXT_EU27_2020:Extra-EU27 (from 2020),T:Total,TOTAL:Total,NASY_APP:First time applicant,SE:Sweden,2023-02,960,
ESTAT:TPS00189(1.0),29/06/23 23:00:00,M:Monthly,PER:Person,EXT_EU27_2020:Extra-EU27 (from 2020),T:Total,TOTAL:Total,NASY_APP:First time applicant,SE:Sweden,2023-03,905,
ESTAT:TPS00189(1.0),29/06/23 23:00:00,M:Monthly,PER:Person,EXT_EU27_2020:Extra-EU27 (from 2020),T:Total,TOTAL:Total,NASY_APP:First time applicant,SE:Sweden,2023-04,695,
ESTAT:TPS00189(1.0),29/06/23 23:00:00,M:Monthly,PER:Person,EXT_EU27_2020:Extra-EU27 (from 2020),T:Total,TOTAL:Total,NASY_APP:First time applicant,SE:Sweden,2023-05,835,
ESTAT:TPS00189(1.0),29/06/23 23:00:00,M:Monthly,PER:Person,EXT_EU27_2020:Extra-EU27 (from 2020),T:Total,TOTAL:Total,NASY_APP:First time applicant,SI:Slovenia,2022-06,715,
ESTAT:TPS00189(1.0),29/06/23 23:00:00,M:Monthly,PER:Person,EXT_EU27_2020:Extra-EU27 (from 2020),T:Total,TOTAL:Total,NASY_APP:First time applicant,SI:Slovenia,2022-07,570,
ESTAT:TPS00189(1.0),29/06/23 23:00:00,M:Monthly,PER:Person,EXT_EU27_2020:Extra-EU27 (from 2020),T:Total,TOTAL:Total,NASY_APP:First time applicant,SI:Slovenia,2022-08,635,
ESTAT:TPS00189(1.0),29/06/23 23:00:00,M:Monthly,PER:Person,EXT_EU27_2020:Extra-EU27 (from 2020),T:Total,TOTAL:Total,NASY_APP:First time applicant,SI:Slovenia,2022-09,485,
ESTAT:TPS00189(1.0),29/06/23 23:00:00,M:Monthly,PER:Person,EXT_EU27_2020:Extra-EU27 (from 2020),T:Total,TOTAL:Total,NASY_APP:First time applicant,SI:Slovenia,2022-10,485,
ESTAT:TPS00189(1.0),29/06/23 23:00:00,M:Monthly,PER:Person,EXT_EU27_2020:Extra-EU27 (from 2020),T:Total,TOTAL:Total,NASY_APP:First time applicant,SI:Slovenia,2022-11,450,
ESTAT:TPS00189(1.0),29/06/23 23:00:00,M:Monthly,PER:Person,EXT_EU27_2020:Extra-EU27 (from 2020),T:Total,TOTAL:Total,NASY_APP:First time applicant,SI:Slovenia,2022-12,380,
ESTAT:TPS00189(1.0),29/06/23 23:00:00,M:Monthly,PER:Person,EXT_EU27_2020:Extra-EU27 (from 2020),T:Total,TOTAL:Total,NASY_APP:First time applicant,SI:Slovenia,2023-01,430,
ESTAT:TPS00189(1.0),29/06/23 23:00:00,M:Monthly,PER:Person,EXT_EU27_2020:Extra-EU27 (from 2020),T:Total,TOTAL:Total,NASY_APP:First time applicant,SI:Slovenia,2023-02,385,
ESTAT:TPS00189(1.0),29/06/23 23:00:00,M:Monthly,PER:Person,EXT_EU27_2020:Extra-EU27 (from 2020),T:Total,TOTAL:Total,NASY_APP:First time applicant,SI:Slovenia,2023-03,555,
ESTAT:TPS00189(1.0),29/06/23 23:00:00,M:Monthly,PER:Person,EXT_EU27_2020:Extra-EU27 (from 2020),T:Total,TOTAL:Total,NASY_APP:First time applicant,SI:Slovenia,2023-04,515,
ESTAT:TPS00189(1.0),29/06/23 23:00:00,M:Monthly,PER:Person,EXT_EU27_2020:Extra-EU27 (from 2020),T:Total,TOTAL:Total,NASY_APP:First time applicant,SK:Slovakia,2022-06,25,
ESTAT:TPS00189(1.0),29/06/23 23:00:00,M:Monthly,PER:Person,EXT_EU27_2020:Extra-EU27 (from 2020),T:Total,TOTAL:Total,NASY_APP:First time applicant,SK:Slovakia,2022-07,5,
ESTAT:TPS00189(1.0),29/06/23 23:00:00,M:Monthly,PER:Person,EXT_EU27_2020:Extra-EU27 (from 2020),T:Total,TOTAL:Total,NASY_APP:First time applicant,SK:Slovakia,2022-08,65,
ESTAT:TPS00189(1.0),29/06/23 23:00:00,M:Monthly,PER:Person,EXT_EU27_2020:Extra-EU27 (from 2020),T:Total,TOTAL:Total,NASY_APP:First time applicant,SK:Slovakia,2022-09,30,
ESTAT:TPS00189(1.0),29/06/23 23:00:00,M:Monthly,PER:Person,EXT_EU27_2020:Extra-EU27 (from 2020),T:Total,TOTAL:Total,NASY_APP:First time applicant,SK:Slovakia,2022-10,60,
ESTAT:TPS00189(1.0),29/06/23 23:00:00,M:Monthly,PER:Person,EXT_EU27_2020:Extra-EU27 (from 2020),T:Total,TOTAL:Total,NASY_APP:First time applicant,SK:Slovakia,2022-11,45,
ESTAT:TPS00189(1.0),29/06/23 23:00:00,M:Monthly,PER:Person,EXT_EU27_2020:Extra-EU27 (from 2020),T:Total,TOTAL:Total,NASY_APP:First time applicant,SK:Slovakia,2022-12,40,
ESTAT:TPS00189(1.0),29/06/23 23:00:00,M:Monthly,PER:Person,EXT_EU27_2020:Extra-EU27 (from 2020),T:Total,TOTAL:Total,NASY_APP:First time applicant,SK:Slovakia,2023-01,15,
ESTAT:TPS00189(1.0),29/06/23 23:00:00,M:Monthly,PER:Person,EXT_EU27_2020:Extra-EU27 (from 2020),T:Total,TOTAL:Total,NASY_APP:First time applicant,SK:Slovakia,2023-02,65,
ESTAT:TPS00189(1.0),29/06/23 23:00:00,M:Monthly,PER:Person,EXT_EU27_2020:Extra-EU27 (from 2020),T:Total,TOTAL:Total,NASY_APP:First time applicant,SK:Slovakia,2023-03,60,
ESTAT:TPS00189(1.0),29/06/23 23:00:00,M:Monthly,PER:Person,EXT_EU27_2020:Extra-EU27 (from 2020),T:Total,TOTAL:Total,NASY_APP:First time applicant,SK:Slovakia,2023-04,30,
